{
  "GetUserList" : {
    "transaction" : "GetUserList",
    "sampleCount" : 80,
    "errorCount" : 61,
    "errorPct" : 76.25,
    "meanResTime" : 15432.375000000004,
    "medianResTime" : 15467.0,
    "minResTime" : 14811.0,
    "maxResTime" : 15954.0,
    "pct1ResTime" : 15658.1,
    "pct2ResTime" : 15705.45,
    "pct3ResTime" : 15954.0,
    "throughput" : 4.995940798101542,
    "receivedKBytesPerSec" : 11.71088285689752,
    "sentKBytesPerSec" : 0.1471582659401736
  },
  "Debug Sampler" : {
    "transaction" : "Debug Sampler",
    "sampleCount" : 80,
    "errorCount" : 0,
    "errorPct" : 0.0,
    "meanResTime" : 1.0124999999999997,
    "medianResTime" : 0.0,
    "minResTime" : 0.0,
    "maxResTime" : 12.0,
    "pct1ResTime" : 2.9000000000000057,
    "pct2ResTime" : 6.950000000000003,
    "pct3ResTime" : 12.0,
    "throughput" : 84.7457627118644,
    "receivedKBytesPerSec" : 20.76022907838983,
    "sentKBytesPerSec" : 0.0
  },
  "Total" : {
    "transaction" : "Total",
    "sampleCount" : 400,
    "errorCount" : 62,
    "errorPct" : 15.5,
    "meanResTime" : 4916.827500000001,
    "medianResTime" : 442.5,
    "minResTime" : 0.0,
    "maxResTime" : 15954.0,
    "pct1ResTime" : 15478.2,
    "pct2ResTime" : 15608.65,
    "pct3ResTime" : 15705.89,
    "throughput" : 14.406627048442283,
    "receivedKBytesPerSec" : 14.016635152169998,
    "sentKBytesPerSec" : 1.913837396452368
  },
  "CreateUser" : {
    "transaction" : "CreateUser",
    "sampleCount" : 80,
    "errorCount" : 0,
    "errorPct" : 0.0,
    "meanResTime" : 8285.649999999998,
    "medianResTime" : 10533.0,
    "minResTime" : 485.0,
    "maxResTime" : 11186.0,
    "pct1ResTime" : 10879.0,
    "pct2ResTime" : 10938.85,
    "pct3ResTime" : 11186.0,
    "throughput" : 7.119337901575154,
    "receivedKBytesPerSec" : 5.6437612630150396,
    "sentKBytesPerSec" : 1.508687817033016
  },
  "DeleteUser" : {
    "transaction" : "DeleteUser",
    "sampleCount" : 80,
    "errorCount" : 0,
    "errorPct" : 0.0,
    "meanResTime" : 433.71250000000003,
    "medianResTime" : 436.0,
    "minResTime" : 404.0,
    "maxResTime" : 491.0,
    "pct1ResTime" : 453.9,
    "pct2ResTime" : 459.85,
    "pct3ResTime" : 491.0,
    "throughput" : 7.459903021260724,
    "receivedKBytesPerSec" : 5.215557686031332,
    "sentKBytesPerSec" : 1.5152928011935844
  },
  "UpdateUser" : {
    "transaction" : "UpdateUser",
    "sampleCount" : 80,
    "errorCount" : 1,
    "errorPct" : 1.25,
    "meanResTime" : 431.3875000000001,
    "medianResTime" : 435.0,
    "minResTime" : 405.0,
    "maxResTime" : 484.0,
    "pct1ResTime" : 445.9,
    "pct2ResTime" : 450.95,
    "pct3ResTime" : 484.0,
    "throughput" : 7.445323406235459,
    "receivedKBytesPerSec" : 5.835017740809679,
    "sentKBytesPerSec" : 1.6359353187529084
  }
}