{
  "GetUserList" : {
    "transaction" : "GetUserList",
    "sampleCount" : 60,
    "errorCount" : 0,
    "errorPct" : 0.0,
    "meanResTime" : 12282.000000000004,
    "medianResTime" : 12333.0,
    "minResTime" : 11578.0,
    "maxResTime" : 12789.0,
    "pct1ResTime" : 12696.2,
    "pct2ResTime" : 12724.0,
    "pct3ResTime" : 12789.0,
    "throughput" : 4.595940252776714,
    "receivedKBytesPerSec" : 8.297377680965148,
    "sentKBytesPerSec" : 0.570004308693987
  },
  "Debug Sampler" : {
    "transaction" : "Debug Sampler",
    "sampleCount" : 60,
    "errorCount" : 0,
    "errorPct" : 0.0,
    "meanResTime" : 1.9333333333333338,
    "medianResTime" : 0.0,
    "minResTime" : 0.0,
    "maxResTime" : 45.0,
    "pct1ResTime" : 3.799999999999997,
    "pct2ResTime" : 11.849999999999987,
    "pct3ResTime" : 45.0,
    "throughput" : 61.162079510703364,
    "receivedKBytesPerSec" : 14.983913098878695,
    "sentKBytesPerSec" : 0.0
  },
  "Total" : {
    "transaction" : "Total",
    "sampleCount" : 300,
    "errorCount" : 0,
    "errorPct" : 0.0,
    "meanResTime" : 2727.953333333333,
    "medianResTime" : 441.0,
    "minResTime" : 0.0,
    "maxResTime" : 12789.0,
    "pct1ResTime" : 12333.0,
    "pct2ResTime" : 12477.5,
    "pct3ResTime" : 12724.8,
    "throughput" : 20.17213555675094,
    "receivedKBytesPerSec" : 17.427424963858257,
    "sentKBytesPerSec" : 3.0612791655459923
  },
  "CreateUser" : {
    "transaction" : "CreateUser",
    "sampleCount" : 60,
    "errorCount" : 0,
    "errorPct" : 0.0,
    "meanResTime" : 487.3500000000001,
    "medianResTime" : 480.5,
    "minResTime" : 403.0,
    "maxResTime" : 600.0,
    "pct1ResTime" : 580.3,
    "pct2ResTime" : 592.6999999999999,
    "pct3ResTime" : 600.0,
    "throughput" : 39.94673768308921,
    "receivedKBytesPerSec" : 31.67456412283622,
    "sentKBytesPerSec" : 8.465275466045274
  },
  "DeleteUser" : {
    "transaction" : "DeleteUser",
    "sampleCount" : 60,
    "errorCount" : 0,
    "errorPct" : 0.0,
    "meanResTime" : 435.8499999999999,
    "medianResTime" : 439.0,
    "minResTime" : 405.0,
    "maxResTime" : 497.0,
    "pct1ResTime" : 458.9,
    "pct2ResTime" : 463.79999999999995,
    "pct3ResTime" : 497.0,
    "throughput" : 42.73504273504273,
    "receivedKBytesPerSec" : 29.863058671652425,
    "sentKBytesPerSec" : 8.680555555555555
  },
  "UpdateUser" : {
    "transaction" : "UpdateUser",
    "sampleCount" : 60,
    "errorCount" : 0,
    "errorPct" : 0.0,
    "meanResTime" : 432.63333333333327,
    "medianResTime" : 438.0,
    "minResTime" : 405.0,
    "maxResTime" : 466.0,
    "pct1ResTime" : 449.0,
    "pct2ResTime" : 454.95,
    "pct3ResTime" : 466.0,
    "throughput" : 44.02054292002935,
    "receivedKBytesPerSec" : 34.23055759354365,
    "sentKBytesPerSec" : 9.67248257520176
  }
}